state,county,locations,func_units,state_func_total,state_capacity_bu,est_capacity_bu
AL,Dallas,1,11.0,49.0,20519000,4606306
AL,Lauderdale,1,9.0,49.0,20519000,3768796
AL,Marshall,2,8.0,49.0,20519000,3350041
AL,Morgan,2,7.0,49.0,20519000,2931286
AL,Perry,1,10.0,49.0,20519000,4187551
AL,Pickens,1,4.0,49.0,20519000,1675020
AR,Arkansas,10,13.0,224.0,273748000,15887161
AR,Ashley,2,6.0,224.0,273748000,7332536
AR,Chicot,4,9.0,224.0,273748000,10998804
AR,Clay,3,6.0,224.0,273748000,7332536
AR,Conway,1,2.0,224.0,273748000,2444179
AR,Craighead,5,5.0,224.0,273748000,6110446
AR,Crawford,1,4.0,224.0,273748000,4888357
AR,Crittenden,5,21.0,224.0,273748000,25663875
AR,Cross,7,17.0,224.0,273748000,20775518
AR,Desha,8,25.0,224.0,273748000,30552232
AR,Drew,1,1.0,224.0,273748000,1222089
AR,Greene,1,1.0,224.0,273748000,1222089
AR,Jackson,5,7.0,224.0,273748000,8554625
AR,Jefferson,3,11.0,224.0,273748000,13442982
AR,Lonoke,5,5.0,224.0,273748000,6110446
AR,Mississippi,5,26.0,224.0,273748000,31774321
AR,Monroe,1,1.0,224.0,273748000,1222089
AR,Phillips,4,22.0,224.0,273748000,26885964
AR,Poinsett,8,24.0,224.0,273748000,29330143
AR,Prairie,3,3.0,224.0,273748000,3666268
AR,Pulaski,1,1.0,224.0,273748000,1222089
AR,Randolph,2,2.0,224.0,273748000,2444179
AR,St. Francis,1,1.0,224.0,273748000,1222089
AR,White,2,2.0,224.0,273748000,2444179
AR,Woodruff,5,9.0,224.0,273748000,10998804
AZ,Pinal,2,5.0,8.0,4843000,3026875
AZ,Yuma,1,3.0,8.0,4843000,1816125
CA,Butte,4,3.0,41.0,118839000,8695537
CA,Colusa,13,18.0,41.0,118839000,52173220
CA,Glenn,3,8.0,41.0,118839000,23188098
CA,San Joaquin,1,1.0,41.0,118839000,2898512
CA,Sutter,6,6.0,41.0,118839000,17391073
CA,Yolo,3,3.0,41.0,118839000,8695537
CA,Yuba,2,2.0,41.0,118839000,5797024
CO,Adams,4,11.0,553.0,110461000,2197235
CO,Arapahoe,1,44.0,553.0,110461000,8788940
CO,Baca,12,142.0,553.0,110461000,28364307
CO,Cheyenne,1,43.0,553.0,110461000,8589192
CO,Denver,1,2.0,553.0,110461000,399497
CO,Dolores,1,1.0,553.0,110461000,199749
CO,Kiowa,4,24.0,553.0,110461000,4793967
CO,Kit Carson,6,26.0,553.0,110461000,5193465
CO,Lincoln,4,14.0,553.0,110461000,2796481
CO,Logan,5,9.0,553.0,110461000,1797738
CO,Morgan,3,24.0,553.0,110461000,4793967
CO,Phillips,5,19.0,553.0,110461000,3795224
CO,Prowers,3,19.0,553.0,110461000,3795224
CO,Sedgwick,2,9.0,553.0,110461000,1797738
CO,Washington,4,37.0,553.0,110461000,7390700
CO,Weld,7,28.0,553.0,110461000,5592962
CO,Yuma,8,101.0,553.0,110461000,20174613
DE,Sussex,3,8.0,8.0,9188000,9188000
GA,Decatur,1,1.0,6.0,14066000,2344333
GA,Hall,1,1.0,6.0,14066000,2344333
GA,Lowndes,1,1.0,6.0,14066000,2344333
GA,Randolph,1,2.0,6.0,14066000,4688667
GA,Terrell,1,1.0,6.0,14066000,2344333
IA,Adair,4,118.0,8665.0,1440470000,19616325
IA,Adams,1,1.0,8665.0,1440470000,166240
IA,Allamakee,4,28.0,8665.0,1440470000,4654721
IA,Appanoose,1,4.0,8665.0,1440470000,664960
IA,Audubon,1,58.0,8665.0,1440470000,9641923
IA,Benton,4,8.0,8665.0,1440470000,1329920
IA,Black Hawk,8,184.0,8665.0,1440470000,30588168
IA,Boone,5,221.0,8665.0,1440470000,36739050
IA,Bremer,6,121.0,8665.0,1440470000,20115046
IA,Buchanan,5,21.0,8665.0,1440470000,3491041
IA,Buena Vista,8,130.0,8665.0,1440470000,21611206
IA,Butler,9,237.0,8665.0,1440470000,39398891
IA,Calhoun,11,99.0,8665.0,1440470000,16457765
IA,Carroll,9,156.0,8665.0,1440470000,25933447
IA,Cass,5,144.0,8665.0,1440470000,23938567
IA,Cedar,5,23.0,8665.0,1440470000,3823521
IA,Cerro Gordo,12,59.0,8665.0,1440470000,9808163
IA,Cherokee,5,55.0,8665.0,1440470000,9143203
IA,Chickasaw,11,27.0,8665.0,1440470000,4488481
IA,Clarke,1,64.0,8665.0,1440470000,10639363
IA,Clay,9,289.0,8665.0,1440470000,48043373
IA,Clayton,8,52.0,8665.0,1440470000,8644482
IA,Clinton,6,39.0,8665.0,1440470000,6483362
IA,Crawford,8,112.0,8665.0,1440470000,18618885
IA,Dallas,8,291.0,8665.0,1440470000,48375853
IA,Davis,3,7.0,8665.0,1440470000,1163680
IA,Decatur,3,153.0,8665.0,1440470000,25434727
IA,Delaware,8,63.0,8665.0,1440470000,10473123
IA,Des Moines,2,23.0,8665.0,1440470000,3823521
IA,Dickinson,5,144.0,8665.0,1440470000,23938567
IA,Dubuque,6,11.0,8665.0,1440470000,1828641
IA,Emmet,6,100.0,8665.0,1440470000,16624005
IA,Fayette,8,94.0,8665.0,1440470000,15626564
IA,Floyd,9,38.0,8665.0,1440470000,6317122
IA,Franklin,6,112.0,8665.0,1440470000,18618885
IA,Fremont,3,43.0,8665.0,1440470000,7148322
IA,Greene,8,349.0,8665.0,1440470000,58017776
IA,Grundy,7,205.0,8665.0,1440470000,34079209
IA,Guthrie,3,95.0,8665.0,1440470000,15792804
IA,Hamilton,12,183.0,8665.0,1440470000,30421928
IA,Hancock,10,248.0,8665.0,1440470000,41227531
IA,Hardin,12,212.0,8665.0,1440470000,35242890
IA,Harrison,8,321.0,8665.0,1440470000,53363055
IA,Henry,9,22.0,8665.0,1440470000,3657281
IA,Howard,6,37.0,8665.0,1440470000,6150882
IA,Humboldt,11,81.0,8665.0,1440470000,13465444
IA,Ida,5,57.0,8665.0,1440470000,9475683
IA,Iowa,6,94.0,8665.0,1440470000,15626564
IA,Jackson,3,2.0,8665.0,1440470000,332480
IA,Jasper,8,114.0,8665.0,1440470000,18951365
IA,Jefferson,2,6.0,8665.0,1440470000,997440
IA,Johnson,4,9.0,8665.0,1440470000,1496160
IA,Jones,3,23.0,8665.0,1440470000,3823521
IA,Keokuk,8,20.0,8665.0,1440470000,3324801
IA,Kossuth,13,153.0,8665.0,1440470000,25434727
IA,Lee,4,3.0,8665.0,1440470000,498720
IA,Linn,9,15.0,8665.0,1440470000,2493601
IA,Louisa,4,9.0,8665.0,1440470000,1496160
IA,Lucas,1,75.0,8665.0,1440470000,12468003
IA,Lyon,9,43.0,8665.0,1440470000,7148322
IA,Madison,2,54.0,8665.0,1440470000,8976962
IA,Mahaska,6,28.0,8665.0,1440470000,4654721
IA,Marion,5,12.0,8665.0,1440470000,1994881
IA,Marshall,11,76.0,8665.0,1440470000,12634244
IA,Mills,2,44.0,8665.0,1440470000,7314562
IA,Mitchell,6,47.0,8665.0,1440470000,7813282
IA,Monona,8,156.0,8665.0,1440470000,25933447
IA,Monroe,2,4.0,8665.0,1440470000,664960
IA,Montgomery,2,67.0,8665.0,1440470000,11138083
IA,Muscatine,4,15.0,8665.0,1440470000,2493601
IA,O'Brien,17,161.0,8665.0,1440470000,26764647
IA,Osceola,6,83.0,8665.0,1440470000,13797924
IA,Page,2,79.0,8665.0,1440470000,13132964
IA,Palo Alto,9,220.0,8665.0,1440470000,36572810
IA,Plymouth,10,30.0,8665.0,1440470000,4987201
IA,Pocahontas,8,65.0,8665.0,1440470000,10805603
IA,Polk,10,164.0,8665.0,1440470000,27263368
IA,Pottawattamie,5,34.0,8665.0,1440470000,5652162
IA,Poweshiek,6,160.0,8665.0,1440470000,26598407
IA,Ringgold,1,63.0,8665.0,1440470000,10473123
IA,Sac,6,80.0,8665.0,1440470000,13299204
IA,Scott,5,45.0,8665.0,1440470000,7480802
IA,Shelby,6,52.0,8665.0,1440470000,8644482
IA,Sioux,15,120.0,8665.0,1440470000,19948806
IA,Story,10,152.0,8665.0,1440470000,25268487
IA,Tama,9,91.0,8665.0,1440470000,15127844
IA,Taylor,2,75.0,8665.0,1440470000,12468003
IA,Union,4,188.0,8665.0,1440470000,31253129
IA,Van Buren,2,3.0,8665.0,1440470000,498720
IA,Wapello,5,10.0,8665.0,1440470000,1662400
IA,Warren,2,47.0,8665.0,1440470000,7813282
IA,Washington,5,6.0,8665.0,1440470000,997440
IA,Wayne,3,80.0,8665.0,1440470000,13299204
IA,Webster,11,101.0,8665.0,1440470000,16790245
IA,Winnebago,5,53.0,8665.0,1440470000,8810722
IA,Winneshiek,3,6.0,8665.0,1440470000,997440
IA,Woodbury,9,163.0,8665.0,1440470000,27097128
IA,Worth,4,24.0,8665.0,1440470000,3989761
IA,Wright,8,102.0,8665.0,1440470000,16956485
ID,Benewah,3,37.0,646.0,75545218,4326893
ID,Bingham,2,7.0,646.0,75545218,818601
ID,Bonneville,1,1.0,646.0,75545218,116943
ID,Butte,1,1.0,646.0,75545218,116943
ID,Canyon,2,9.0,646.0,75545218,1052488
ID,Cassia,1,6.0,646.0,75545218,701658
ID,Clearwater,1,19.0,646.0,75545218,2221918
ID,Elmore,1,2.0,646.0,75545218,233886
ID,Franklin,1,3.0,646.0,75545218,350829
ID,Fremont,1,1.0,646.0,75545218,116943
ID,Gooding,1,1.0,646.0,75545218,116943
ID,Idaho,8,228.0,646.0,75545218,26663018
ID,Jefferson,4,12.0,646.0,75545218,1403317
ID,Jerome,1,12.0,646.0,75545218,1403317
ID,Kootenai,2,31.0,646.0,75545218,3625235
ID,Latah,8,137.0,646.0,75545218,16021199
ID,Lewis,4,106.0,646.0,75545218,12395965
ID,Nez Perce,2,17.0,646.0,75545218,1988032
ID,Oneida,1,1.0,646.0,75545218,116943
ID,Power,1,7.0,646.0,75545218,818601
ID,Twin Falls,3,8.0,646.0,75545218,935544
IL,Adams,10,39.0,4397.0,1631786689,14473432
IL,Alexander,1,1.0,4397.0,1631786689,371114
IL,Bond,8,102.0,4397.0,1631786689,37853592
IL,Boone,3,28.0,4397.0,1631786689,10391182
IL,Brown,2,8.0,4397.0,1631786689,2968909
IL,Bureau,13,102.0,4397.0,1631786689,37853592
IL,Calhoun,1,1.0,4397.0,1631786689,371114
IL,Carroll,7,37.0,4397.0,1631786689,13731205
IL,Cass,11,100.0,4397.0,1631786689,37111364
IL,Champaign,22,239.0,4397.0,1631786689,88696161
IL,Christian,15,43.0,4397.0,1631786689,15957887
IL,Clark,7,87.0,4397.0,1631786689,32286887
IL,Clay,3,23.0,4397.0,1631786689,8535614
IL,Clinton,4,31.0,4397.0,1631786689,11504523
IL,Coles,7,41.0,4397.0,1631786689,15215659
IL,Cook,1,1.0,4397.0,1631786689,371114
IL,Crawford,7,24.0,4397.0,1631786689,8906727
IL,Cumberland,3,21.0,4397.0,1631786689,7793387
IL,De Kalb,5,48.0,4397.0,1631786689,17813455
IL,De Witt,9,40.0,4397.0,1631786689,14844546
IL,Douglas,6,63.0,4397.0,1631786689,23380160
IL,Edgar,2,3.0,4397.0,1631786689,1113341
IL,Edwards,1,12.0,4397.0,1631786689,4453364
IL,Effingham,6,25.0,4397.0,1631786689,9277841
IL,Fayette,4,9.0,4397.0,1631786689,3340023
IL,Ford,11,68.0,4397.0,1631786689,25235728
IL,Franklin,1,4.0,4397.0,1631786689,1484455
IL,Fulton,5,21.0,4397.0,1631786689,7793387
IL,Gallatin,1,7.0,4397.0,1631786689,2597796
IL,Greene,4,27.0,4397.0,1631786689,10020068
IL,Grundy,3,17.0,4397.0,1631786689,6308932
IL,Hamilton,2,85.0,4397.0,1631786689,31544660
IL,Hancock,13,81.0,4397.0,1631786689,30060205
IL,Henderson,7,32.0,4397.0,1631786689,11875637
IL,Henry,12,125.0,4397.0,1631786689,46389205
IL,Iroquois,28,143.0,4397.0,1631786689,53069251
IL,Jackson,2,20.0,4397.0,1631786689,7422273
IL,Jasper,6,77.0,4397.0,1631786689,28575751
IL,Jefferson,3,18.0,4397.0,1631786689,6680046
IL,Jersey,1,2.0,4397.0,1631786689,742227
IL,Jo Daviess,2,16.0,4397.0,1631786689,5937818
IL,Kane,3,34.0,4397.0,1631786689,12617864
IL,Kankakee,14,76.0,4397.0,1631786689,28204637
IL,Kendall,4,45.0,4397.0,1631786689,16700114
IL,Knox,12,154.0,4397.0,1631786689,57151501
IL,La Salle,24,164.0,4397.0,1631786689,60862637
IL,Lee,10,39.0,4397.0,1631786689,14473432
IL,Livingston,23,167.0,4397.0,1631786689,61975978
IL,Logan,18,88.0,4397.0,1631786689,32658001
IL,Macon,8,24.0,4397.0,1631786689,8906727
IL,Macoupin,11,35.0,4397.0,1631786689,12988978
IL,Madison,5,46.0,4397.0,1631786689,17071228
IL,Marion,5,42.0,4397.0,1631786689,15586773
IL,Marshall,8,25.0,4397.0,1631786689,9277841
IL,Mason,8,64.0,4397.0,1631786689,23751273
IL,McDonough,4,28.0,4397.0,1631786689,10391182
IL,McHenry,5,47.0,4397.0,1631786689,17442341
IL,McLean,22,80.0,4397.0,1631786689,29689091
IL,Menard,5,44.0,4397.0,1631786689,16329000
IL,Mercer,7,54.0,4397.0,1631786689,20040137
IL,Monroe,3,22.0,4397.0,1631786689,8164500
IL,Montgomery,8,46.0,4397.0,1631786689,17071228
IL,Morgan,9,63.0,4397.0,1631786689,23380160
IL,Moultrie,6,87.0,4397.0,1631786689,32286887
IL,Ogle,11,45.0,4397.0,1631786689,16700114
IL,Peoria,13,100.0,4397.0,1631786689,37111364
IL,Perry,1,2.0,4397.0,1631786689,742227
IL,Piatt,15,71.0,4397.0,1631786689,26349069
IL,Pike,5,19.0,4397.0,1631786689,7051159
IL,Pulaski,2,2.0,4397.0,1631786689,742227
IL,Putnam,2,32.0,4397.0,1631786689,11875637
IL,Randolph,5,24.0,4397.0,1631786689,8906727
IL,Richland,1,11.0,4397.0,1631786689,4082250
IL,Rock Island,2,6.0,4397.0,1631786689,2226682
IL,Sangamon,13,47.0,4397.0,1631786689,17442341
IL,Schuyler,4,30.0,4397.0,1631786689,11133409
IL,Scott,1,1.0,4397.0,1631786689,371114
IL,Shelby,10,102.0,4397.0,1631786689,37853592
IL,St. Clair,11,42.0,4397.0,1631786689,15586773
IL,Stark,5,133.0,4397.0,1631786689,49358115
IL,Stephenson,5,10.0,4397.0,1631786689,3711136
IL,Tazewell,13,39.0,4397.0,1631786689,14473432
IL,Vermilion,12,92.0,4397.0,1631786689,34142455
IL,Warren,10,33.0,4397.0,1631786689,12246750
IL,Washington,9,38.0,4397.0,1631786689,14102318
IL,White,1,10.0,4397.0,1631786689,3711136
IL,Whiteside,12,71.0,4397.0,1631786689,26349069
IL,Will,5,16.0,4397.0,1631786689,5937818
IL,Williamson,1,8.0,4397.0,1631786689,2968909
IL,Winnebago,4,28.0,4397.0,1631786689,10391182
IL,Woodford,9,40.0,4397.0,1631786689,14844546
IN,Adams,3,3.0,459.0,248764176,1625910
IN,Allen,6,22.0,459.0,248764176,11923337
IN,Bartholomew,1,11.0,459.0,248764176,5961669
IN,Benton,2,1.0,459.0,248764176,541970
IN,Blackford,1,2.0,459.0,248764176,1083940
IN,Carroll,3,6.0,459.0,248764176,3251819
IN,Cass,1,1.0,459.0,248764176,541970
IN,Clark,1,1.0,459.0,248764176,541970
IN,Clinton,1,1.0,459.0,248764176,541970
IN,Daviess,1,2.0,459.0,248764176,1083940
IN,De Kalb,3,33.0,459.0,248764176,17885006
IN,Dearborn,1,2.0,459.0,248764176,1083940
IN,Delaware,1,2.0,459.0,248764176,1083940
IN,Dubois,2,3.0,459.0,248764176,1625910
IN,Fayette,2,8.0,459.0,248764176,4335759
IN,Fountain,3,4.0,459.0,248764176,2167880
IN,Gibson,4,19.0,459.0,248764176,10297428
IN,Grant,2,3.0,459.0,248764176,1625910
IN,Hancock,1,1.0,459.0,248764176,541970
IN,Henry,1,1.0,459.0,248764176,541970
IN,Howard,1,1.0,459.0,248764176,541970
IN,Huntington,1,1.0,459.0,248764176,541970
IN,Jasper,2,3.0,459.0,248764176,1625910
IN,Jay,2,2.0,459.0,248764176,1083940
IN,Johnson,1,2.0,459.0,248764176,1083940
IN,Knox,3,8.0,459.0,248764176,4335759
IN,Kosciusko,4,30.0,459.0,248764176,16259096
IN,Lagrange,1,1.0,459.0,248764176,541970
IN,Madison,2,13.0,459.0,248764176,7045608
IN,Marion,2,2.0,459.0,248764176,1083940
IN,Marshall,1,2.0,459.0,248764176,1083940
IN,Miami,1,5.0,459.0,248764176,2709849
IN,Montgomery,2,2.0,459.0,248764176,1083940
IN,Newton,2,4.0,459.0,248764176,2167880
IN,Noble,1,2.0,459.0,248764176,1083940
IN,Pike,1,4.0,459.0,248764176,2167880
IN,Porter,1,1.0,459.0,248764176,541970
IN,Posey,3,40.0,459.0,248764176,21678795
IN,Pulaski,3,34.0,459.0,248764176,18426976
IN,Putnam,1,2.0,459.0,248764176,1083940
IN,Randolph,2,3.0,459.0,248764176,1625910
IN,Rush,3,105.0,459.0,248764176,56906838
IN,Shelby,2,1.0,459.0,248764176,541970
IN,Spencer,1,3.0,459.0,248764176,1625910
IN,St. Joseph,1,18.0,459.0,248764176,9755458
IN,Starke,2,3.0,459.0,248764176,1625910
IN,Sullivan,1,5.0,459.0,248764176,2709849
IN,Tippecanoe,2,1.0,459.0,248764176,541970
IN,Tipton,1,4.0,459.0,248764176,2167880
IN,Vanderburgh,1,1.0,459.0,248764176,541970
IN,Vermillion,1,1.0,459.0,248764176,541970
IN,Vigo,1,3.0,459.0,248764176,1625910
IN,Wabash,1,1.0,459.0,248764176,541970
IN,Warren,1,1.0,459.0,248764176,541970
IN,Warrick,1,2.0,459.0,248764176,1083940
IN,White,3,4.0,459.0,248764176,2167880
IN,Whitley,5,18.0,459.0,248764176,9755458
KS,Allen,1,12.0,11505.0,1213463483,1265672
KS,Anderson,6,81.0,11505.0,1213463483,8543289
KS,Atchison,3,75.0,11505.0,1213463483,7910453
KS,Barber,7,153.0,11505.0,1213463483,16137324
KS,Barton,18,87.0,11505.0,1213463483,9176125
KS,Bourbon,1,14.0,11505.0,1213463483,1476618
KS,Brown,9,43.0,11505.0,1213463483,4535326
KS,Butler,3,41.0,11505.0,1213463483,4324381
KS,Cherokee,5,402.0,11505.0,1213463483,42400028
KS,Cheyenne,3,12.0,11505.0,1213463483,1265672
KS,Clark,4,68.0,11505.0,1213463483,7172144
KS,Clay,4,93.0,11505.0,1213463483,9808962
KS,Cloud,5,56.0,11505.0,1213463483,5906472
KS,Coffey,4,81.0,11505.0,1213463483,8543289
KS,Comanche,3,41.0,11505.0,1213463483,4324381
KS,Cowley,11,213.0,11505.0,1213463483,22465686
KS,Crawford,5,87.0,11505.0,1213463483,9176125
KS,Decatur,6,201.0,11505.0,1213463483,21200014
KS,Dickinson,11,50.0,11505.0,1213463483,5273635
KS,Doniphan,2,25.0,11505.0,1213463483,2636818
KS,Douglas,2,78.0,11505.0,1213463483,8226871
KS,Edwards,6,66.0,11505.0,1213463483,6961199
KS,Ellis,7,334.0,11505.0,1213463483,35227884
KS,Ellsworth,5,19.0,11505.0,1213463483,2003981
KS,Finney,9,40.0,11505.0,1213463483,4218908
KS,Ford,11,74.0,11505.0,1213463483,7804980
KS,Franklin,3,95.0,11505.0,1213463483,10019907
KS,Geary,1,1.0,11505.0,1213463483,105473
KS,Gove,4,40.0,11505.0,1213463483,4218908
KS,Graham,3,54.0,11505.0,1213463483,5695526
KS,Grant,5,121.0,11505.0,1213463483,12762197
KS,Gray,10,52.0,11505.0,1213463483,5484581
KS,Greeley,8,167.0,11505.0,1213463483,17613942
KS,Greenwood,2,6.0,11505.0,1213463483,632836
KS,Hamilton,3,21.0,11505.0,1213463483,2214927
KS,Harper,9,350.0,11505.0,1213463483,36915447
KS,Harvey,7,613.0,11505.0,1213463483,64654769
KS,Haskell,6,118.0,11505.0,1213463483,12445779
KS,Hodgeman,4,47.0,11505.0,1213463483,4957217
KS,Jackson,1,62.0,11505.0,1213463483,6539308
KS,Jefferson,2,123.0,11505.0,1213463483,12973143
KS,Jewell,4,42.0,11505.0,1213463483,4429854
KS,Johnson,2,91.0,11505.0,1213463483,9598016
KS,Kearny,4,54.0,11505.0,1213463483,5695526
KS,Kingman,11,188.0,11505.0,1213463483,19828869
KS,Kiowa,6,63.0,11505.0,1213463483,6644780
KS,Labette,7,19.0,11505.0,1213463483,2003981
KS,Lane,3,24.0,11505.0,1213463483,2531345
KS,Lincoln,1,0.0,11505.0,1213463483,0
KS,Linn,2,38.0,11505.0,1213463483,4007963
KS,Logan,6,77.0,11505.0,1213463483,8121398
KS,Lyon,2,3.0,11505.0,1213463483,316418
KS,Marion,9,438.0,11505.0,1213463483,46197045
KS,Marshall,8,250.0,11505.0,1213463483,26368177
KS,McPherson,10,397.0,11505.0,1213463483,41872664
KS,Meade,8,290.0,11505.0,1213463483,30587085
KS,Miami,2,24.0,11505.0,1213463483,2531345
KS,Mitchell,5,42.0,11505.0,1213463483,4429854
KS,Montgomery,4,124.0,11505.0,1213463483,13078616
KS,Morris,2,27.0,11505.0,1213463483,2847763
KS,Morton,6,82.0,11505.0,1213463483,8648762
KS,Nemaha,6,77.0,11505.0,1213463483,8121398
KS,Neosho,5,38.0,11505.0,1213463483,4007963
KS,Ness,9,79.0,11505.0,1213463483,8332344
KS,Norton,2,79.0,11505.0,1213463483,8332344
KS,Osage,4,158.0,11505.0,1213463483,16664688
KS,Osborne,7,34.0,11505.0,1213463483,3586072
KS,Ottawa,4,116.0,11505.0,1213463483,12234834
KS,Pawnee,5,9.0,11505.0,1213463483,949254
KS,Phillips,9,423.0,11505.0,1213463483,44614955
KS,Pottawatomie,4,124.0,11505.0,1213463483,13078616
KS,Pratt,9,66.0,11505.0,1213463483,6961199
KS,Rawlins,3,66.0,11505.0,1213463483,6961199
KS,Reno,16,129.0,11505.0,1213463483,13605979
KS,Republic,5,154.0,11505.0,1213463483,16242797
KS,Rice,11,116.0,11505.0,1213463483,12234834
KS,Riley,2,73.0,11505.0,1213463483,7699508
KS,Rooks,5,23.0,11505.0,1213463483,2425872
KS,Rush,10,108.0,11505.0,1213463483,11391052
KS,Russell,6,33.0,11505.0,1213463483,3480599
KS,Saline,4,204.0,11505.0,1213463483,21516432
KS,Scott,7,30.0,11505.0,1213463483,3164181
KS,Sedgwick,16,399.0,11505.0,1213463483,42083610
KS,Seward,5,350.0,11505.0,1213463483,36915447
KS,Shawnee,3,46.0,11505.0,1213463483,4851744
KS,Sheridan,4,43.0,11505.0,1213463483,4535326
KS,Sherman,4,30.0,11505.0,1213463483,3164181
KS,Smith,7,240.0,11505.0,1213463483,25313449
KS,Stafford,9,51.0,11505.0,1213463483,5379108
KS,Stanton,4,10.0,11505.0,1213463483,1054727
KS,Stevens,3,152.0,11505.0,1213463483,16031851
KS,Sumner,18,846.0,11505.0,1213463483,89229909
KS,Thomas,6,23.0,11505.0,1213463483,2425872
KS,Trego,5,73.0,11505.0,1213463483,7699508
KS,Wabaunsee,2,54.0,11505.0,1213463483,5695526
KS,Wallace,4,112.0,11505.0,1213463483,11812943
KS,Washington,6,211.0,11505.0,1213463483,22254741
KS,Wichita,5,94.0,11505.0,1213463483,9914434
KS,Wilson,3,35.0,11505.0,1213463483,3691545
KS,Woodson,3,8.0,11505.0,1213463483,843782
KS,Wyandotte,1,0.0,11505.0,1213463483,0
KY,Calloway,1,3.0,104.0,58990000,1701635
KY,Campbell,1,1.0,104.0,58990000,567212
KY,Christian,2,5.0,104.0,58990000,2836058
KY,Daviess,4,26.0,104.0,58990000,14747500
KY,Fulton,2,37.0,104.0,58990000,20986827
KY,Henderson,1,1.0,104.0,58990000,567212
KY,Hickman,1,1.0,104.0,58990000,567212
KY,Jefferson,1,5.0,104.0,58990000,2836058
KY,Livingston,1,1.0,104.0,58990000,567212
KY,Logan,2,7.0,104.0,58990000,3970481
KY,Lyon,1,2.0,104.0,58990000,1134423
KY,Marion,1,0.0,104.0,58990000,0
KY,McCracken,1,2.0,104.0,58990000,1134423
KY,McLean,1,1.0,104.0,58990000,567212
KY,Todd,1,5.0,104.0,58990000,2836058
KY,Union,1,7.0,104.0,58990000,3970481
LA,Acadia,2,3.0,187.0,137740900,2209747
LA,Allen,1,1.0,187.0,137740900,736582
LA,Calcasieu,2,2.0,187.0,137740900,1473165
LA,Catahoula,1,17.0,187.0,137740900,12521900
LA,Concordia,1,16.0,187.0,137740900,11785318
LA,East Carroll,4,19.0,187.0,137740900,13995065
LA,Evangeline,2,2.0,187.0,137740900,1473165
LA,Franklin,2,15.0,187.0,137740900,11048735
LA,Jefferson,1,2.0,187.0,137740900,1473165
LA,Jefferson Davis,6,24.0,187.0,137740900,17677976
LA,Madison,4,36.0,187.0,137740900,26516965
LA,Morehouse,3,6.0,187.0,137740900,4419494
LA,Plaquemines,1,1.0,187.0,137740900,736582
LA,Pointe Coupee,1,4.0,187.0,137740900,2946329
LA,Richland,5,14.0,187.0,137740900,10312153
LA,St. Charles,3,4.0,187.0,137740900,2946329
LA,St. James,2,2.0,187.0,137740900,1473165
LA,St. John Baptist,2,2.0,187.0,137740900,1473165
LA,St. Landry,1,2.0,187.0,137740900,1473165
LA,Tensas,2,11.0,187.0,137740900,8102406
LA,Vermilion,1,1.0,187.0,137740900,736582
LA,West Baton Rouge,1,1.0,187.0,137740900,736582
LA,West Carroll,1,2.0,187.0,137740900,1473165
MD,Cecil,1,10.0,48.0,23012000,4794167
MD,Dorchester,2,7.0,48.0,23012000,3355917
MD,Kent,1,8.0,48.0,23012000,3835333
MD,Queen Anne's,2,20.0,48.0,23012000,9588333
MD,Wicomico,1,1.0,48.0,23012000,479417
MD,Worcester,1,2.0,48.0,23012000,958833
MI,Barry,1,4.0,46.0,41592700,3616757
MI,Bay,1,2.0,46.0,41592700,1808378
MI,Clinton,1,1.0,46.0,41592700,904189
MI,Eaton,1,3.0,46.0,41592700,2712567
MI,Hillsdale,3,3.0,46.0,41592700,2712567
MI,Huron,1,3.0,46.0,41592700,2712567
MI,Ingham,1,1.0,46.0,41592700,904189
MI,Ionia,2,2.0,46.0,41592700,1808378
MI,Kalamazoo,1,1.0,46.0,41592700,904189
MI,Kent,1,2.0,46.0,41592700,1808378
MI,Lenawee,2,4.0,46.0,41592700,3616757
MI,Mason,1,2.0,46.0,41592700,1808378
MI,Monroe,4,6.0,46.0,41592700,5425135
MI,Ottawa,1,1.0,46.0,41592700,904189
MI,Saginaw,2,4.0,46.0,41592700,3616757
MI,St. Joseph,1,1.0,46.0,41592700,904189
MI,Tuscola,2,3.0,46.0,41592700,2712567
MI,Van Buren,1,2.0,46.0,41592700,1808378
MI,Washtenaw,1,1.0,46.0,41592700,904189
MN,Anoka,1,1.0,1730.0,658270598,380503
MN,Becker,2,14.0,1730.0,658270598,5327045
MN,Big Stone,3,13.0,1730.0,658270598,4946542
MN,Blue Earth,8,32.0,1730.0,658270598,12176104
MN,Brown,6,32.0,1730.0,658270598,12176104
MN,Carver,1,9.0,1730.0,658270598,3424529
MN,Chippewa,3,13.0,1730.0,658270598,4946542
MN,Chisago,1,1.0,1730.0,658270598,380503
MN,Clay,6,10.0,1730.0,658270598,3805032
MN,Clearwater,2,2.0,1730.0,658270598,761006
MN,Cottonwood,5,21.0,1730.0,658270598,7990568
MN,Dakota,4,23.0,1730.0,658270598,8751574
MN,Dodge,3,52.0,1730.0,658270598,19786168
MN,Douglas,2,4.0,1730.0,658270598,1522013
MN,Faribault,7,171.0,1730.0,658270598,65066053
MN,Fillmore,5,27.0,1730.0,658270598,10273587
MN,Freeborn,9,117.0,1730.0,658270598,44518879
MN,Goodhue,9,43.0,1730.0,658270598,16361639
MN,Grant,4,8.0,1730.0,658270598,3044026
MN,Hennepin,2,2.0,1730.0,658270598,761006
MN,Houston,3,26.0,1730.0,658270598,9893084
MN,Jackson,3,7.0,1730.0,658270598,2663523
MN,Kandiyohi,3,6.0,1730.0,658270598,2283019
MN,Kittson,5,10.0,1730.0,658270598,3805032
MN,Lac Qui Parle,8,40.0,1730.0,658270598,15220129
MN,Le Sueur,1,3.0,1730.0,658270598,1141510
MN,Lincoln,2,3.0,1730.0,658270598,1141510
MN,Lyon,6,37.0,1730.0,658270598,14078620
MN,Mahnomen,2,14.0,1730.0,658270598,5327045
MN,Marshall,8,34.0,1730.0,658270598,12937110
MN,Martin,6,25.0,1730.0,658270598,9512581
MN,McLeod,2,9.0,1730.0,658270598,3424529
MN,Meeker,2,24.0,1730.0,658270598,9132078
MN,Mille Lacs,1,1.0,1730.0,658270598,380503
MN,Morrison,1,1.0,1730.0,658270598,380503
MN,Mower,7,122.0,1730.0,658270598,46421395
MN,Murray,9,27.0,1730.0,658270598,10273587
MN,Nicollet,4,32.0,1730.0,658270598,12176104
MN,Nobles,11,75.0,1730.0,658270598,28537743
MN,Norman,3,6.0,1730.0,658270598,2283019
MN,Olmsted,4,37.0,1730.0,658270598,14078620
MN,Otter Tail,8,37.0,1730.0,658270598,14078620
MN,Pennington,2,12.0,1730.0,658270598,4566039
MN,Pipestone,6,42.0,1730.0,658270598,15981136
MN,Polk,8,26.0,1730.0,658270598,9893084
MN,Pope,2,17.0,1730.0,658270598,6468555
MN,Ramsey,2,2.0,1730.0,658270598,761006
MN,Red Lake,2,12.0,1730.0,658270598,4566039
MN,Redwood,10,49.0,1730.0,658270598,18644659
MN,Renville,10,79.0,1730.0,658270598,30059756
MN,Rice,2,17.0,1730.0,658270598,6468555
MN,Rock,7,66.0,1730.0,658270598,25113214
MN,Roseau,2,19.0,1730.0,658270598,7229561
MN,Scott,4,5.0,1730.0,658270598,1902516
MN,Sibley,2,16.0,1730.0,658270598,6088052
MN,St. Louis,2,2.0,1730.0,658270598,761006
MN,Stearns,2,3.0,1730.0,658270598,1141510
MN,Steele,1,7.0,1730.0,658270598,2663523
MN,Stevens,5,35.0,1730.0,658270598,13317613
MN,Swift,4,6.0,1730.0,658270598,2283019
MN,Todd,4,22.0,1730.0,658270598,8371071
MN,Traverse,4,19.0,1730.0,658270598,7229561
MN,Wabasha,6,21.0,1730.0,658270598,7990568
MN,Waseca,1,3.0,1730.0,658270598,1141510
MN,Watonwan,4,16.0,1730.0,658270598,6088052
MN,Wilkin,7,13.0,1730.0,658270598,4946542
MN,Winona,6,24.0,1730.0,658270598,9132078
MN,Yellow Medicine,7,26.0,1730.0,658270598,9893084
MO,Adair,1,1.0,586.0,249345696,425505
MO,Atchison,2,24.0,586.0,249345696,10212110
MO,Audrain,3,3.0,586.0,249345696,1276514
MO,Barton,1,1.0,586.0,249345696,425505
MO,Bates,3,53.0,586.0,249345696,22551744
MO,Benton,2,3.0,586.0,249345696,1276514
MO,Boone,1,1.0,586.0,249345696,425505
MO,Buchanan,3,4.0,586.0,249345696,1702018
MO,Butler,3,5.0,586.0,249345696,2127523
MO,Caldwell,2,2.0,586.0,249345696,851009
MO,Callaway,3,4.0,586.0,249345696,1702018
MO,Cape Girardeau,2,9.0,586.0,249345696,3829541
MO,Carroll,5,20.0,586.0,249345696,8510092
MO,Chariton,6,15.0,586.0,249345696,6382569
MO,Clark,3,6.0,586.0,249345696,2553028
MO,Clay,2,3.0,586.0,249345696,1276514
MO,Clinton,3,29.0,586.0,249345696,12339633
MO,Cooper,2,7.0,586.0,249345696,2978532
MO,Daviess,2,2.0,586.0,249345696,851009
MO,De Kalb,2,3.0,586.0,249345696,1276514
MO,Dunklin,1,2.0,586.0,249345696,851009
MO,Gentry,2,2.0,586.0,249345696,851009
MO,Grundy,1,1.0,586.0,249345696,425505
MO,Harrison,2,77.0,586.0,249345696,32763854
MO,Henry,1,1.0,586.0,249345696,425505
MO,Holt,1,2.0,586.0,249345696,851009
MO,Howard,1,1.0,586.0,249345696,425505
MO,Jackson,3,3.0,586.0,249345696,1276514
MO,Johnson,2,7.0,586.0,249345696,2978532
MO,Knox,1,7.0,586.0,249345696,2978532
MO,Lafayette,7,20.0,586.0,249345696,8510092
MO,Lewis,2,7.0,586.0,249345696,2978532
MO,Linn,2,5.0,586.0,249345696,2127523
MO,Livingston,2,2.0,586.0,249345696,851009
MO,Macon,2,4.0,586.0,249345696,1702018
MO,Marion,1,1.0,586.0,249345696,425505
MO,Mississippi,2,10.0,586.0,249345696,4255046
MO,Moniteau,3,6.0,586.0,249345696,2553028
MO,Monroe,1,1.0,586.0,249345696,425505
MO,Montgomery,4,4.0,586.0,249345696,1702018
MO,Morgan,1,5.0,586.0,249345696,2127523
MO,New Madrid,4,50.0,586.0,249345696,21275230
MO,Nodaway,3,6.0,586.0,249345696,2553028
MO,Pemiscot,3,20.0,586.0,249345696,8510092
MO,Pettis,1,3.0,586.0,249345696,1276514
MO,Pike,1,7.0,586.0,249345696,2978532
MO,Putnam,1,1.0,586.0,249345696,425505
MO,Ralls,1,4.0,586.0,249345696,1702018
MO,Randolph,2,2.0,586.0,249345696,851009
MO,Ray,2,3.0,586.0,249345696,1276514
MO,Saline,8,28.0,586.0,249345696,11914129
MO,Schuyler,1,1.0,586.0,249345696,425505
MO,Scotland,1,1.0,586.0,249345696,425505
MO,Scott,1,15.0,586.0,249345696,6382569
MO,Shelby,1,1.0,586.0,249345696,425505
MO,St. Charles,1,1.0,586.0,249345696,425505
MO,St. Francois,1,1.0,586.0,249345696,425505
MO,St. Louis City,4,11.0,586.0,249345696,4680551
MO,Ste. Genevieve,2,2.0,586.0,249345696,851009
MO,Stoddard,3,10.0,586.0,249345696,4255046
MO,Sullivan,1,1.0,586.0,249345696,425505
MO,Vernon,2,50.0,586.0,249345696,21275230
MO,Warren,1,1.0,586.0,249345696,425505
MO,Worth,1,4.0,586.0,249345696,1702018
MS,Bolivar,4,20.0,102.0,47452000,9304314
MS,Clay,1,1.0,102.0,47452000,465216
MS,Coahoma,1,4.0,102.0,47452000,1860863
MS,Humphreys,1,6.0,102.0,47452000,2791294
MS,Issaquena,1,19.0,102.0,47452000,8839098
MS,Leflore,1,7.0,102.0,47452000,3256510
MS,Lowndes,1,5.0,102.0,47452000,2326078
MS,Monroe,1,2.0,102.0,47452000,930431
MS,Pontotoc,1,1.0,102.0,47452000,465216
MS,Sunflower,2,4.0,102.0,47452000,1860863
MS,Tunica,1,1.0,102.0,47452000,465216
MS,Warren,1,13.0,102.0,47452000,6047804
MS,Washington,3,7.0,102.0,47452000,3256510
MS,Yazoo,1,12.0,102.0,47452000,5582588
MT,Big Horn,1,5.0,686.0,64497000,470095
MT,Blaine,2,7.0,686.0,64497000,658133
MT,Cascade,2,9.0,686.0,64497000,846171
MT,Chouteau,4,51.0,686.0,64497000,4794966
MT,Daniels,2,5.0,686.0,64497000,470095
MT,Dawson,2,61.0,686.0,64497000,5735156
MT,Fergus,1,61.0,686.0,64497000,5735156
MT,Flathead,1,40.0,686.0,64497000,3760758
MT,Gallatin,1,13.0,686.0,64497000,1222246
MT,Glacier,2,51.0,686.0,64497000,4794966
MT,Hill,4,45.0,686.0,64497000,4230853
MT,Judith Basin,1,2.0,686.0,64497000,188038
MT,Liberty,3,30.0,686.0,64497000,2820569
MT,McCone,1,29.0,686.0,64497000,2726550
MT,Phillips,1,1.0,686.0,64497000,94019
MT,Pondera,2,12.0,686.0,64497000,1128227
MT,Richland,4,69.0,686.0,64497000,6487308
MT,Roosevelt,4,73.0,686.0,64497000,6863383
MT,Sheridan,2,5.0,686.0,64497000,470095
MT,Silver Bow,1,11.0,686.0,64497000,1034208
MT,Teton,2,11.0,686.0,64497000,1034208
MT,Toole,2,51.0,686.0,64497000,4794966
MT,Valley,3,36.0,686.0,64497000,3384682
MT,Yellowstone,2,8.0,686.0,64497000,752152
NC,Beaufort,2,7.0,43.0,24922000,4057070
NC,Cumberland,1,1.0,43.0,24922000,579581
NC,Hertford,1,1.0,43.0,24922000,579581
NC,Hyde,1,2.0,43.0,24922000,1159163
NC,Martin,1,3.0,43.0,24922000,1738744
NC,Pasquotank,1,7.0,43.0,24922000,4057070
NC,Pender,1,1.0,43.0,24922000,579581
NC,Person,1,1.0,43.0,24922000,579581
NC,Pitt,1,2.0,43.0,24922000,1159163
NC,Robeson,1,8.0,43.0,24922000,4636651
NC,Washington,2,6.0,43.0,24922000,3477488
NC,Wilson,1,4.0,43.0,24922000,2318326
ND,Adams,2,14.0,1260.0,246748825,2741654
ND,Barnes,7,72.0,1260.0,246748825,14099933
ND,Benson,6,33.0,1260.0,246748825,6462469
ND,Billings,1,3.0,1260.0,246748825,587497
ND,Bottineau,10,37.0,1260.0,246748825,7245799
ND,Bowman,2,2.0,1260.0,246748825,391665
ND,Burke,2,8.0,1260.0,246748825,1566659
ND,Burleigh,1,5.0,1260.0,246748825,979162
ND,Cass,17,55.0,1260.0,246748825,10770782
ND,Cavalier,9,35.0,1260.0,246748825,6854134
ND,Dickey,3,3.0,1260.0,246748825,587497
ND,Divide,2,7.0,1260.0,246748825,1370827
ND,Eddy,3,75.0,1260.0,246748825,14687430
ND,Emmons,3,44.0,1260.0,246748825,8616626
ND,Foster,4,80.0,1260.0,246748825,15666592
ND,Golden Valley,1,1.0,1260.0,246748825,195832
ND,Grand Forks,10,102.0,1260.0,246748825,19974905
ND,Grant,4,14.0,1260.0,246748825,2741654
ND,Griggs,4,23.0,1260.0,246748825,4504145
ND,Hettinger,2,17.0,1260.0,246748825,3329151
ND,Kidder,2,2.0,1260.0,246748825,391665
ND,La Moure,6,21.0,1260.0,246748825,4112480
ND,McHenry,4,5.0,1260.0,246748825,979162
ND,McIntosh,1,5.0,1260.0,246748825,979162
ND,McKenzie,1,2.0,1260.0,246748825,391665
ND,McLean,4,4.0,1260.0,246748825,783330
ND,Morton,2,15.0,1260.0,246748825,2937486
ND,Mountrail,5,32.0,1260.0,246748825,6266637
ND,Nelson,5,27.0,1260.0,246748825,5287475
ND,Oliver,1,2.0,1260.0,246748825,391665
ND,Pembina,9,74.0,1260.0,246748825,14491598
ND,Pierce,2,3.0,1260.0,246748825,587497
ND,Ramsey,4,18.0,1260.0,246748825,3524983
ND,Ransom,3,6.0,1260.0,246748825,1174994
ND,Renville,3,12.0,1260.0,246748825,2349989
ND,Richland,15,62.0,1260.0,246748825,12141609
ND,Rolette,2,9.0,1260.0,246748825,1762492
ND,Sargent,6,17.0,1260.0,246748825,3329151
ND,Sheridan,1,1.0,1260.0,246748825,195832
ND,Stark,4,9.0,1260.0,246748825,1762492
ND,Steele,3,17.0,1260.0,246748825,3329151
ND,Stutsman,7,71.0,1260.0,246748825,13904100
ND,Towner,5,23.0,1260.0,246748825,4504145
ND,Traill,9,27.0,1260.0,246748825,5287475
ND,Walsh,7,134.0,1260.0,246748825,26241542
ND,Ward,7,14.0,1260.0,246748825,2741654
ND,Wells,5,4.0,1260.0,246748825,783330
ND,Williams,5,14.0,1260.0,246748825,2741654
NE,Adams,8,117.0,4258.0,846277556,23253752
NE,Antelope,7,25.0,4258.0,846277556,4968750
NE,Boone,4,41.0,4258.0,846277556,8148751
NE,Box Butte,7,28.0,4258.0,846277556,5565000
NE,Boyd,1,1.0,4258.0,846277556,198750
NE,Brown,1,40.0,4258.0,846277556,7950001
NE,Buffalo,7,78.0,4258.0,846277556,15502501
NE,Burt,2,21.0,4258.0,846277556,4173750
NE,Butler,4,122.0,4258.0,846277556,24247502
NE,Cass,7,199.0,4258.0,846277556,39551253
NE,Cedar,6,53.0,4258.0,846277556,10533751
NE,Chase,6,22.0,4258.0,846277556,4372500
NE,Cheyenne,8,39.0,4258.0,846277556,7751251
NE,Clay,8,101.0,4258.0,846277556,20073751
NE,Colfax,4,8.0,4258.0,846277556,1590000
NE,Cuming,3,4.0,4258.0,846277556,795000
NE,Custer,6,35.0,4258.0,846277556,6956250
NE,Dakota,1,6.0,4258.0,846277556,1192500
NE,Dawes,1,8.0,4258.0,846277556,1590000
NE,Dawson,5,67.0,4258.0,846277556,13316251
NE,Deuel,3,48.0,4258.0,846277556,9540001
NE,Dixon,3,10.0,4258.0,846277556,1987500
NE,Dodge,8,42.0,4258.0,846277556,8347501
NE,Douglas,1,21.0,4258.0,846277556,4173750
NE,Dundy,2,22.0,4258.0,846277556,4372500
NE,Fillmore,8,65.0,4258.0,846277556,12918751
NE,Franklin,4,69.0,4258.0,846277556,13713751
NE,Frontier,2,29.0,4258.0,846277556,5763750
NE,Furnas,5,25.0,4258.0,846277556,4968750
NE,Gage,9,217.0,4258.0,846277556,43128753
NE,Garden,2,32.0,4258.0,846277556,6360000
NE,Gosper,1,32.0,4258.0,846277556,6360000
NE,Greeley,1,4.0,4258.0,846277556,795000
NE,Hall,6,59.0,4258.0,846277556,11726251
NE,Hamilton,6,72.0,4258.0,846277556,14310001
NE,Harlan,4,68.0,4258.0,846277556,13515001
NE,Hayes,1,11.0,4258.0,846277556,2186250
NE,Hitchcock,5,40.0,4258.0,846277556,7950001
NE,Holt,3,28.0,4258.0,846277556,5565000
NE,Howard,1,5.0,4258.0,846277556,993750
NE,Jefferson,5,100.0,4258.0,846277556,19875001
NE,Johnson,6,222.0,4258.0,846277556,44122503
NE,Kearney,4,48.0,4258.0,846277556,9540001
NE,Keith,2,12.0,4258.0,846277556,2385000
NE,Kimball,2,31.0,4258.0,846277556,6161250
NE,Knox,4,12.0,4258.0,846277556,2385000
NE,Lancaster,14,303.0,4258.0,846277556,60221254
NE,Lincoln,3,37.0,4258.0,846277556,7353750
NE,Logan,1,5.0,4258.0,846277556,993750
NE,Madison,5,19.0,4258.0,846277556,3776250
NE,Merrick,4,30.0,4258.0,846277556,5962500
NE,Morrill,4,19.0,4258.0,846277556,3776250
NE,Nance,2,15.0,4258.0,846277556,2981250
NE,Nemaha,1,1.0,4258.0,846277556,198750
NE,Nuckolls,5,66.0,4258.0,846277556,13117501
NE,Otoe,8,186.0,4258.0,846277556,36967502
NE,Pawnee,2,47.0,4258.0,846277556,9341251
NE,Perkins,7,30.0,4258.0,846277556,5962500
NE,Phelps,5,89.0,4258.0,846277556,17688751
NE,Pierce,6,54.0,4258.0,846277556,10732501
NE,Platte,5,42.0,4258.0,846277556,8347501
NE,Polk,3,77.0,4258.0,846277556,15303751
NE,Red Willow,4,71.0,4258.0,846277556,14111251
NE,Richardson,3,24.0,4258.0,846277556,4770000
NE,Rock,1,1.0,4258.0,846277556,198750
NE,Saline,4,23.0,4258.0,846277556,4571250
NE,Saunders,4,145.0,4258.0,846277556,28818752
NE,Scotts Bluff,7,66.0,4258.0,846277556,13117501
NE,Seward,6,162.0,4258.0,846277556,32197502
NE,Sheridan,4,19.0,4258.0,846277556,3776250
NE,Sherman,3,11.0,4258.0,846277556,2186250
NE,Stanton,2,3.0,4258.0,846277556,596250
NE,Thayer,7,62.0,4258.0,846277556,12322501
NE,Thurston,3,5.0,4258.0,846277556,993750
NE,Valley,4,20.0,4258.0,846277556,3975000
NE,Washington,1,1.0,4258.0,846277556,198750
NE,Wayne,3,8.0,4258.0,846277556,1590000
NE,Webster,5,70.0,4258.0,846277556,13912501
NE,York,7,208.0,4258.0,846277556,41340003
NJ,Cumberland,1,12.0,12.0,3056000,3056000
NM,Chaves,1,2.0,8.0,4506000,1126500
NM,Curry,2,6.0,8.0,4506000,3379500
NY,Albany,1,1.0,1.0,13798000,13798000
OH,Allen,7,52.0,1224.0,320312000,13608026
OH,Ashland,4,18.0,1224.0,320312000,4710471
OH,Ashtabula,3,7.0,1224.0,320312000,1831850
OH,Auglaize,2,9.0,1224.0,320312000,2355235
OH,Butler,1,3.0,1224.0,320312000,785078
OH,Champaign,4,15.0,1224.0,320312000,3925392
OH,Clark,1,14.0,1224.0,320312000,3663699
OH,Clinton,2,3.0,1224.0,320312000,785078
OH,Columbiana,2,41.0,1224.0,320312000,10729405
OH,Coshocton,1,1.0,1224.0,320312000,261693
OH,Crawford,4,17.0,1224.0,320312000,4448778
OH,Darke,3,19.0,1224.0,320312000,4972163
OH,Defiance,5,27.0,1224.0,320312000,7065706
OH,Delaware,1,12.0,1224.0,320312000,3140314
OH,Fayette,3,35.0,1224.0,320312000,9159248
OH,Franklin,1,1.0,1224.0,320312000,261693
OH,Fulton,7,30.0,1224.0,320312000,7850784
OH,Geauga,1,7.0,1224.0,320312000,1831850
OH,Greene,1,4.0,1224.0,320312000,1046771
OH,Hamilton,5,67.0,1224.0,320312000,17533418
OH,Hancock,10,74.0,1224.0,320312000,19365268
OH,Hardin,5,67.0,1224.0,320312000,17533418
OH,Henry,14,36.0,1224.0,320312000,9420941
OH,Highland,1,5.0,1224.0,320312000,1308464
OH,Hocking,1,14.0,1224.0,320312000,3663699
OH,Huron,3,10.0,1224.0,320312000,2616928
OH,Knox,3,25.0,1224.0,320312000,6542320
OH,Licking,1,1.0,1224.0,320312000,261693
OH,Logan,2,14.0,1224.0,320312000,3663699
OH,Lorain,1,3.0,1224.0,320312000,785078
OH,Lucas,5,21.0,1224.0,320312000,5495549
OH,Mahoning,3,45.0,1224.0,320312000,11776176
OH,Marion,5,28.0,1224.0,320312000,7327399
OH,Medina,1,8.0,1224.0,320312000,2093542
OH,Mercer,3,22.0,1224.0,320312000,5757242
OH,Miami,4,21.0,1224.0,320312000,5495549
OH,Montgomery,4,8.0,1224.0,320312000,2093542
OH,Morrow,1,5.0,1224.0,320312000,1308464
OH,Muskingum,2,3.0,1224.0,320312000,785078
OH,Ottawa,3,12.0,1224.0,320312000,3140314
OH,Paulding,4,48.0,1224.0,320312000,12561255
OH,Pickaway,3,51.0,1224.0,320312000,13346333
OH,Preble,1,1.0,1224.0,320312000,261693
OH,Putnam,6,17.0,1224.0,320312000,4448778
OH,Richland,1,6.0,1224.0,320312000,1570157
OH,Ross,3,42.0,1224.0,320312000,10991098
OH,Sandusky,4,13.0,1224.0,320312000,3402007
OH,Seneca,4,23.0,1224.0,320312000,6018935
OH,Shelby,3,8.0,1224.0,320312000,2093542
OH,Stark,2,6.0,1224.0,320312000,1570157
OH,Trumbull,1,3.0,1224.0,320312000,785078
OH,Tuscarawas,1,22.0,1224.0,320312000,5757242
OH,Union,2,22.0,1224.0,320312000,5757242
OH,Van Wert,5,19.0,1224.0,320312000,4972163
OH,Wayne,4,44.0,1224.0,320312000,11514484
OH,Williams,4,7.0,1224.0,320312000,1831850
OH,Wood,11,58.0,1224.0,320312000,15178183
OH,Wyandot,6,30.0,1224.0,320312000,7850784
OK,Alfalfa,10,683.0,8579.0,233701000,18605640
OK,Beaver,2,230.0,8579.0,233701000,6265442
OK,Beckham,1,170.0,8579.0,233701000,4630979
OK,Blaine,11,46.0,8579.0,233701000,1253088
OK,Caddo,7,333.0,8579.0,233701000,9071271
OK,Canadian,6,324.0,8579.0,233701000,8826101
OK,Cimarron,3,20.0,8579.0,233701000,544821
OK,Comanche,4,86.0,8579.0,233701000,2342731
OK,Cotton,4,10.0,8579.0,233701000,272411
OK,Craig,1,3.0,8579.0,233701000,81723
OK,Custer,5,133.0,8579.0,233701000,3623060
OK,Dewey,5,61.0,8579.0,233701000,1661704
OK,Ellis,2,28.0,8579.0,233701000,762750
OK,Garfield,17,492.0,8579.0,233701000,13402598
OK,Grady,4,241.0,8579.0,233701000,6565094
OK,Grant,14,1305.0,8579.0,233701000,35549575
OK,Greer,2,340.0,8579.0,233701000,9261958
OK,Harper,2,305.0,8579.0,233701000,8308521
OK,Jackson,8,485.0,8579.0,233701000,13211911
OK,Jefferson,1,5.0,8579.0,233701000,136205
OK,Kay,7,660.0,8579.0,233701000,17979095
OK,Kingfisher,10,105.0,8579.0,233701000,2860311
OK,Kiowa,7,671.0,8579.0,233701000,18278747
OK,Logan,1,95.0,8579.0,233701000,2587900
OK,Major,5,43.0,8579.0,233701000,1171365
OK,Murray,1,2.0,8579.0,233701000,54482
OK,Muskogee,1,3.0,8579.0,233701000,81723
OK,Noble,5,160.0,8579.0,233701000,4358569
OK,Ottawa,2,3.0,8579.0,233701000,81723
OK,Payne,1,1.0,8579.0,233701000,27241
OK,Pottawatomie,1,1.0,8579.0,233701000,27241
OK,Rogers,2,2.0,8579.0,233701000,54482
OK,Texas,11,464.0,8579.0,233701000,12639849
OK,Tillman,4,54.0,8579.0,233701000,1471017
OK,Wagoner,1,2.0,8579.0,233701000,54482
OK,Washita,8,164.0,8579.0,233701000,4467533
OK,Woods,7,722.0,8579.0,233701000,19668041
OK,Woodward,3,127.0,8579.0,233701000,3459614
OR,Gilliam,4,192.0,711.0,53499000,14446987
OR,Jefferson,2,50.0,711.0,53499000,3762236
OR,Klamath,1,4.0,711.0,53499000,300979
OR,Marion,3,21.0,711.0,53499000,1580139
OR,Morrow,6,62.0,711.0,53499000,4665173
OR,Multnomah,1,1.0,711.0,53499000,75245
OR,Sherman,5,241.0,711.0,53499000,18133979
OR,Umatilla,8,32.0,711.0,53499000,2407831
OR,Wasco,2,108.0,711.0,53499000,8126430
PA,Lancaster,2,5.0,6.0,4168000,3473333
PA,Lawrence,1,1.0,6.0,4168000,694667
SD,Aurora,2,2.0,1261.0,459033480,728047
SD,Beadle,4,31.0,1261.0,459033480,11284725
SD,Bennett,1,5.0,1261.0,459033480,1820117
SD,Bon Homme,1,3.0,1261.0,459033480,1092070
SD,Brookings,7,49.0,1261.0,459033480,17837146
SD,Brown,11,85.0,1261.0,459033480,30941987
SD,Brule,2,24.0,1261.0,459033480,8736561
SD,Butte,1,2.0,1261.0,459033480,728047
SD,Campbell,2,81.0,1261.0,459033480,29485894
SD,Charles Mix,5,10.0,1261.0,459033480,3640234
SD,Clark,3,25.0,1261.0,459033480,9100584
SD,Clay,2,6.0,1261.0,459033480,2184140
SD,Codington,6,21.0,1261.0,459033480,7644491
SD,Corson,2,9.0,1261.0,459033480,3276210
SD,Davison,2,10.0,1261.0,459033480,3640234
SD,Day,3,38.0,1261.0,459033480,13832888
SD,Deuel,2,13.0,1261.0,459033480,4732304
SD,Dewey,2,5.0,1261.0,459033480,1820117
SD,Douglas,1,3.0,1261.0,459033480,1092070
SD,Edmunds,6,146.0,1261.0,459033480,53147413
SD,Faulk,3,39.0,1261.0,459033480,14196912
SD,Grant,3,5.0,1261.0,459033480,1820117
SD,Gregory,1,16.0,1261.0,459033480,5824374
SD,Haakon,3,22.0,1261.0,459033480,8008514
SD,Hamlin,3,4.0,1261.0,459033480,1456094
SD,Hand,1,4.0,1261.0,459033480,1456094
SD,Hanson,1,23.0,1261.0,459033480,8372538
SD,Hughes,3,20.0,1261.0,459033480,7280468
SD,Hutchinson,5,35.0,1261.0,459033480,12740818
SD,Hyde,2,29.0,1261.0,459033480,10556678
SD,Jackson,1,11.0,1261.0,459033480,4004257
SD,Jerauld,1,16.0,1261.0,459033480,5824374
SD,Kingsbury,7,22.0,1261.0,459033480,8008514
SD,Lake,3,3.0,1261.0,459033480,1092070
SD,Lincoln,4,22.0,1261.0,459033480,8008514
SD,Lyman,2,20.0,1261.0,459033480,7280468
SD,Marshall,2,10.0,1261.0,459033480,3640234
SD,McCook,2,6.0,1261.0,459033480,2184140
SD,McPherson,1,39.0,1261.0,459033480,14196912
SD,Miner,3,12.0,1261.0,459033480,4368281
SD,Minnehaha,8,24.0,1261.0,459033480,8736561
SD,Moody,1,1.0,1261.0,459033480,364023
SD,Oglala Lakota,1,11.0,1261.0,459033480,4004257
SD,Pennington,2,9.0,1261.0,459033480,3276210
SD,Perkins,2,12.0,1261.0,459033480,4368281
SD,Potter,3,32.0,1261.0,459033480,11648748
SD,Roberts,5,24.0,1261.0,459033480,8736561
SD,Sanborn,1,1.0,1261.0,459033480,364023
SD,Spink,7,82.0,1261.0,459033480,29849917
SD,Stanley,1,3.0,1261.0,459033480,1092070
SD,Sully,3,12.0,1261.0,459033480,4368281
SD,Tripp,2,14.0,1261.0,459033480,5096327
SD,Turner,3,12.0,1261.0,459033480,4368281
SD,Union,4,25.0,1261.0,459033480,9100584
SD,Walworth,2,39.0,1261.0,459033480,14196912
SD,Yankton,4,31.0,1261.0,459033480,11284725
SD,Ziebach,1,3.0,1261.0,459033480,1092070
TN,Chester,1,1.0,72.0,35288000,490111
TN,Coffee,1,2.0,72.0,35288000,980222
TN,Dyer,1,25.0,72.0,35288000,12252778
TN,Franklin,2,6.0,72.0,35288000,2940667
TN,Hardin,1,2.0,72.0,35288000,980222
TN,Humphreys,1,4.0,72.0,35288000,1960444
TN,Lauderdale,1,13.0,72.0,35288000,6371444
TN,Lincoln,2,7.0,72.0,35288000,3430778
TN,Montgomery,1,2.0,72.0,35288000,980222
TN,Obion,4,7.0,72.0,35288000,3430778
TN,Shelby,1,1.0,72.0,35288000,490111
TN,Weakley,2,2.0,72.0,35288000,980222
TX,Armstrong,2,13.0,2951.0,331780000,1461586
TX,Bailey,1,3.0,2951.0,331780000,337289
TX,Baylor,1,6.0,2951.0,331780000,674578
TX,Cameron,2,27.0,2951.0,331780000,3035601
TX,Carson,2,25.0,2951.0,331780000,2810742
TX,Castro,3,25.0,2951.0,331780000,2810742
TX,Coleman,1,1.0,2951.0,331780000,112430
TX,Collingsworth,1,1.0,2951.0,331780000,112430
TX,Colorado,4,3.0,2951.0,331780000,337289
TX,Concho,1,3.0,2951.0,331780000,337289
TX,Cooke,1,1.0,2951.0,331780000,112430
TX,Dallam,9,122.0,2951.0,331780000,13716422
TX,Deaf Smith,16,128.0,2951.0,331780000,14391000
TX,Floyd,8,24.0,2951.0,331780000,2698312
TX,Foard,2,6.0,2951.0,331780000,674578
TX,Fort Bend,1,6.0,2951.0,331780000,674578
TX,Gray,3,45.0,2951.0,331780000,5059336
TX,Hale,6,206.0,2951.0,331780000,23160515
TX,Hansford,5,366.0,2951.0,331780000,41149265
TX,Hardeman,1,2.0,2951.0,331780000,224859
TX,Harris,3,6.0,2951.0,331780000,674578
TX,Hartley,3,75.0,2951.0,331780000,8432226
TX,Haskell,1,1.0,2951.0,331780000,112430
TX,Hidalgo,4,10.0,2951.0,331780000,1124297
TX,Hill,5,10.0,2951.0,331780000,1124297
TX,Hockley,1,1.0,2951.0,331780000,112430
TX,Hutchinson,2,266.0,2951.0,331780000,29906296
TX,Jackson,5,14.0,2951.0,331780000,1574016
TX,Jefferson,1,0.0,2951.0,331780000,0
TX,Jones,1,1.0,2951.0,331780000,112430
TX,Kleberg,1,1.0,2951.0,331780000,112430
TX,Knox,5,11.0,2951.0,331780000,1236727
TX,Lamb,3,61.0,2951.0,331780000,6858211
TX,Liberty,1,3.0,2951.0,331780000,337289
TX,Lipscomb,3,304.0,2951.0,331780000,34178624
TX,Lubbock,1,1.0,2951.0,331780000,112430
TX,Matagorda,3,3.0,2951.0,331780000,337289
TX,McCulloch,1,2.0,2951.0,331780000,224859
TX,Milam,1,1.0,2951.0,331780000,112430
TX,Moore,7,140.0,2951.0,331780000,15740156
TX,Navarro,1,2.0,2951.0,331780000,224859
TX,Nueces,6,19.0,2951.0,331780000,2136164
TX,Ochiltree,7,725.0,2951.0,331780000,81511522
TX,Oldham,2,23.0,2951.0,331780000,2585883
TX,Parmer,7,21.0,2951.0,331780000,2361023
TX,Potter,2,13.0,2951.0,331780000,1461586
TX,Refugio,1,1.0,2951.0,331780000,112430
TX,Runnels,3,4.0,2951.0,331780000,449719
TX,San Patricio,4,12.0,2951.0,331780000,1349156
TX,Sherman,4,173.0,2951.0,331780000,19450335
TX,Swisher,2,2.0,2951.0,331780000,224859
TX,Tarrant,3,7.0,2951.0,331780000,787008
TX,Victoria,1,3.0,2951.0,331780000,337289
TX,Waller,2,3.0,2951.0,331780000,337289
TX,Wharton,9,11.0,2951.0,331780000,1236727
TX,Wilbarger,3,5.0,2951.0,331780000,562148
TX,Willacy,1,2.0,2951.0,331780000,224859
TX,Young,1,1.0,2951.0,331780000,112430
UT,Weber,2,7.0,7.0,2867000,2867000
VA,Accomack,1,18.0,97.0,15656000,2905237
VA,Chesapeake,1,16.0,97.0,15656000,2582433
VA,Essex,1,15.0,97.0,15656000,2421031
VA,Halifax,1,2.0,97.0,15656000,322804
VA,Isle Of Wight,1,1.0,97.0,15656000,161402
VA,King William,1,1.0,97.0,15656000,161402
VA,Lancaster,1,13.0,97.0,15656000,2098227
VA,Northampton,1,17.0,97.0,15656000,2743835
VA,Westmoreland,1,14.0,97.0,15656000,2259629
WA,Adams,29,485.0,3014.0,248843000,40042752
WA,Asotin,1,2.0,3014.0,248843000,165125
WA,Benton,2,9.0,3014.0,248843000,743061
WA,Chelan,1,19.0,3014.0,248843000,1568685
WA,Clark,1,1.0,3014.0,248843000,82562
WA,Columbia,9,252.0,3014.0,248843000,20805719
WA,Cowlitz,3,4.0,3014.0,248843000,330250
WA,Douglas,7,44.0,3014.0,248843000,3632745
WA,Franklin,7,86.0,3014.0,248843000,7100364
WA,Garfield,2,5.0,3014.0,248843000,412812
WA,Grant,16,230.0,3014.0,248843000,18989346
WA,Grays Harbor,1,1.0,3014.0,248843000,82562
WA,King,1,1.0,3014.0,248843000,82562
WA,Klickitat,3,89.0,3014.0,248843000,7348051
WA,Lincoln,19,290.0,3014.0,248843000,23943089
WA,Okanogan,1,7.0,3014.0,248843000,577937
WA,Pierce,1,1.0,3014.0,248843000,82562
WA,Spokane,16,388.0,3014.0,248843000,32034202
WA,Stevens,1,32.0,3014.0,248843000,2641996
WA,Walla Walla,7,20.0,3014.0,248843000,1651248
WA,Whitman,62,1048.0,3014.0,248843000,86525370
WI,Adams,1,8.0,917.0,326168437,2845526
WI,Ashland,1,5.0,917.0,326168437,1778454
WI,Barron,4,9.0,917.0,326168437,3201217
WI,Brown,6,31.0,917.0,326168437,11026414
WI,Buffalo,2,13.0,917.0,326168437,4623980
WI,Burnett,1,1.0,917.0,326168437,355691
WI,Calumet,2,3.0,917.0,326168437,1067072
WI,Chippewa,5,6.0,917.0,326168437,2134145
WI,Clark,6,24.0,917.0,326168437,8536579
WI,Columbia,3,11.0,917.0,326168437,3912598
WI,Crawford,1,5.0,917.0,326168437,1778454
WI,Dane,10,26.0,917.0,326168437,9247960
WI,Dodge,5,33.0,917.0,326168437,11737795
WI,Douglas,4,5.0,917.0,326168437,1778454
WI,Dunn,4,26.0,917.0,326168437,9247960
WI,Eau Claire,2,15.0,917.0,326168437,5335362
WI,Fond Du Lac,5,11.0,917.0,326168437,3912598
WI,Grant,5,61.0,917.0,326168437,21697137
WI,Green,2,4.0,917.0,326168437,1422763
WI,Green Lake,1,28.0,917.0,326168437,9959342
WI,Iowa,2,4.0,917.0,326168437,1422763
WI,Jackson,4,8.0,917.0,326168437,2845526
WI,Jefferson,4,9.0,917.0,326168437,3201217
WI,Juneau,3,35.0,917.0,326168437,12449177
WI,Kewaunee,3,4.0,917.0,326168437,1422763
WI,La Crosse,4,11.0,917.0,326168437,3912598
WI,Lafayette,6,56.0,917.0,326168437,19918683
WI,Manitowoc,7,18.0,917.0,326168437,6402434
WI,Marathon,5,31.0,917.0,326168437,11026414
WI,Marquette,2,25.0,917.0,326168437,8892269
WI,Milwaukee,1,4.0,917.0,326168437,1422763
WI,Monroe,2,11.0,917.0,326168437,3912598
WI,Oconto,1,17.0,917.0,326168437,6046743
WI,Outagamie,4,43.0,917.0,326168437,15294703
WI,Pepin,1,10.0,917.0,326168437,3556908
WI,Pierce,3,30.0,917.0,326168437,10670723
WI,Polk,1,1.0,917.0,326168437,355691
WI,Portage,1,7.0,917.0,326168437,2489835
WI,Price,1,5.0,917.0,326168437,1778454
WI,Racine,2,10.0,917.0,326168437,3556908
WI,Richland,1,3.0,917.0,326168437,1067072
WI,Rock,10,53.0,917.0,326168437,18851611
WI,Rusk,1,6.0,917.0,326168437,2134145
WI,Sauk,3,16.0,917.0,326168437,5691052
WI,Shawano,1,18.0,917.0,326168437,6402434
WI,Sheboygan,4,15.0,917.0,326168437,5335362
WI,St. Croix,2,35.0,917.0,326168437,12449177
WI,Taylor,1,1.0,917.0,326168437,355691
WI,Trempealeau,4,28.0,917.0,326168437,9959342
WI,Vernon,3,25.0,917.0,326168437,8892269
WI,Walworth,4,13.0,917.0,326168437,4623980
WI,Washington,1,1.0,917.0,326168437,355691
WI,Waupaca,1,8.0,917.0,326168437,2845526
WI,Waushara,2,1.0,917.0,326168437,355691
WI,Winnebago,2,19.0,917.0,326168437,6758125
WI,Wood,2,11.0,917.0,326168437,3912598
WY,Goshen,2,25.0,63.0,2094000,830952
WY,Laramie,2,38.0,63.0,2094000,1263048
